{"Aberrant spectre":{"name":"Aberrant spectre","levelRequired":60,"locations":["Slayer Tower","Stronghold Slayer Cave"],"itemsRequired":["Nose peg","Slayer helmet"],"attributes":["Undead"],"attackStyles":["Magic"],"variants":["Deviant spectre"],"masters":["Vannaka","Chaeldar","Konar quo Maten","Nieve","Duradel"]},"Abyssal demon":{"name":"Abyssal demon","levelRequired":85,"locations":["Slayer Tower","Abyssal Area","Catacombs of Kourend"],"itemsRequired":[],"attributes":["Demon"],"attackStyles":["Melee"],"variants":["Abyssal Sire"],"masters":["Vannaka","Konar quo Maten","Nieve","Duradel"]},"Adamant dragon":{"name":"Adamant dragon","levelRequired":1,"locations":["Lithkren Vault"],"itemsRequired":["Anti-dragon shield","Dragonfire shield","Antifire potion(4)"],"attributes":["Draconic","Fiery"],"attackStyles":["Melee","Ranged","Magic","Dragonfire"],"variants":[],"masters":["Konar quo Maten","Nieve","Duradel"]},"Ankou":{"name":"Ankou","levelRequired":1,"locations":["Stronghold of Security","Wilderness volcano","Stronghold Slayer Cave","Catacombs of Kourend"],"itemsRequired":[],"attributes":["Undead"],"attackStyles":["Melee"],"variants":[],"masters":["Krystilia","Vannaka","Konar quo Maten","Nieve","Duradel"]},"Aviansie":{"name":"Aviansie","levelRequired":1,"locations":["God Wars Dungeon"],"itemsRequired":["Ranged","Magic weaponry"],"attributes":["None"],"attackStyles":["Ranged"],"variants":["Kree\u0027arra","Flight Kilisa","Flockleader Geerin","Wingman Skree"],"masters":["Krystilia","Chaeldar","Konar quo Maten","Nieve","Duradel"]},"Bandit":{"name":"Bandit","levelRequired":1,"locations":["Bandit Camp"],"itemsRequired":[],"attributes":["None"],"attackStyles":["Melee"],"variants":[],"masters":["Krystilia"]},"Banshee":{"name":"Banshee","levelRequired":15,"locations":["Slayer Tower"],"itemsRequired":["Earmuffs","Slayer helmet"],"attributes":["Undead"],"attackStyles":["Magical melee"],"variants":["Twisted Banshee"],"masters":["Turael","Mazchna","Vannaka","Chaeldar"]},"Basilisk":{"name":"Basilisk","levelRequired":40,"locations":["Fremennik Slayer Dungeon"],"itemsRequired":["Mirror shield","V\u0027s shield"],"attributes":["None"],"attackStyles":["Melee"],"variants":["Basilisk Knights"],"masters":["Vannaka","Chaeldar","Konar quo Maten","Nieve","Duradel"]},"Bat":{"name":"Bat","levelRequired":1,"locations":["Paterdomus","Morytania","Coal Trucks"],"itemsRequired":[],"attributes":["None"],"attackStyles":["Melee"],"variants":["Giant bat","Albino bat","Deathwing"],"masters":["Turael","Mazchna"]},"Bear":{"name":"Bear","levelRequired":1,"locations":["East Ardougne","south of Varrock","south-east of Rellekka house portal"],"itemsRequired":[],"attributes":["None"],"attackStyles":["Melee"],"variants":["Black bear","Grizzly bear","Callisto"],"masters":["Krystilia","Turael","Mazchna"]},"Bird":{"name":"Bird","levelRequired":1,"locations":["Across west Lumbridge bridge","Port Sarim pier","south of Falador"],"itemsRequired":[],"attributes":["None"],"attackStyles":["Melee"],"variants":["Bird","Chicken","Mounted terrorbird gnome","Rooster","Seagull","Terrorbird","Vulture","Undead chicken"],"masters":["Turael"]},"Black demon":{"name":"Black demon","levelRequired":1,"locations":["Taverley Dungeon","Edgeville Dungeon","Brimhaven Dungeon","Catacombs of Kourend"],"itemsRequired":[],"attributes":["Demon"],"attackStyles":["Melee"],"variants":["Demonic gorilla","Balfrug Kreeyath","Skotizo","Porazdir"],"masters":["Krystilia","Chaeldar","Konar quo Maten","Nieve","Duradel"]},"Black dragon":{"name":"Black dragon","levelRequired":1,"locations":["Taverley Dungeon","Lava Maze","Evil Chicken\u0027s Lair"],"itemsRequired":["Anti-dragon shield","Dragonfire shield","Antifire potion(4)"],"attributes":["Draconic","Fiery"],"attackStyles":["Melee","Dragonfire"],"variants":["Baby black dragon","King Black Dragon","Brutal black dragon"],"masters":["Krystilia","Konar quo Maten","Nieve","Duradel"]},"Black Knight":{"name":"Black Knight","levelRequired":1,"locations":["Lava Maze","north of Venenatis"],"itemsRequired":[],"attributes":["None"],"attackStyles":["Melee"],"variants":[],"masters":["Krystilia"]},"Bloodveld":{"name":"Bloodveld","levelRequired":50,"locations":["Slayer Tower","God Wars Dungeon","Meiyerditch Dungeon","Stronghold Slayer Cave"],"itemsRequired":[],"attributes":["None"],"attackStyles":["Magical melee"],"variants":["Mutated Bloodveld"],"masters":["Krystilia","Vannaka","Chaeldar","Konar quo Maten","Nieve","Duradel"]},"Blue dragon":{"name":"Blue dragon","levelRequired":1,"locations":["Taverley Dungeon","Ogre Enclave","Heroes\u0027 Guild","Corsair Cove Dungeon"],"itemsRequired":["Anti-dragon shield","Dragonfire shield","Antifire potion(4)"],"attributes":["Draconic","Fiery"],"attackStyles":["Melee","Dragonfire"],"variants":["Baby blue dragon","Brutal blue dragon","Vorkath"],"masters":["Vannaka","Chaeldar","Konar quo Maten","Nieve","Duradel"]},"Brine rat":{"name":"Brine rat","levelRequired":47,"locations":["Brine Rat Cavern"],"itemsRequired":[],"attributes":["None"],"attackStyles":["Melee"],"variants":[],"masters":["Vannaka","Chaeldar","Konar quo Maten","Nieve"]},"Bronze dragon":{"name":"Bronze dragon","levelRequired":1,"locations":["Brimhaven Dungeon","Catacombs of Kourend"],"itemsRequired":["Anti-dragon shield","Dragonfire shield","Antifire potion(4)"],"attributes":["Draconic","Fiery"],"attackStyles":["Melee","Dragonfire","Ranged Dragonfire"],"variants":[],"masters":["Vannaka","Chaeldar","Konar quo Maten"]},"Catablepon":{"name":"Catablepon","levelRequired":1,"locations":["Stronghold of Security"],"itemsRequired":[],"attributes":["None"],"attackStyles":["Melee","Magic"],"variants":[],"masters":["Mazchna"]},"Cave bug":{"name":"Cave bug","levelRequired":7,"locations":["Lumbridge Swamp Caves","Dorgesh-Kaan South Dungeon"],"itemsRequired":["Bullseye lantern (lit)"],"attributes":["None"],"attackStyles":["Melee"],"variants":[],"masters":["Turael","Mazchna","Vannaka"]},"Cave crawler":{"name":"Cave crawler","levelRequired":10,"locations":["Fremennik Slayer Dungeon","Lumbridge Swamp Caves","Dorgesh-Kaan South Dungeon"],"itemsRequired":[],"attributes":["None"],"attackStyles":["Melee","Poison"],"variants":[],"masters":["Turael","Mazchna","Vannaka","Chaeldar"]},"Cave horror":{"name":"Cave horror","levelRequired":58,"locations":["Mos Le\u0027Harmless Cave"],"itemsRequired":["Witchwood icon","Bullseye lantern (lit)"],"attributes":["None"],"attackStyles":["Melee","Magical melee"],"variants":[],"masters":["Chaeldar","Nieve","Duradel"]},"Cave slime":{"name":"Cave slime","levelRequired":17,"locations":["Lumbridge Swamp Caves","Dorgesh-Kaan South Dungeon"],"itemsRequired":["Bullseye lantern (lit)"],"attributes":["None"],"attackStyles":["Melee","Poison"],"variants":[],"masters":["Turael","Mazchna","Vannaka","Chaeldar"]},"Cave kraken":{"name":"Cave kraken","levelRequired":87,"locations":["Kraken Cove"],"itemsRequired":[],"attributes":["None"],"attackStyles":["Magic"],"variants":["Kraken"],"masters":["Chaeldar","Konar quo Maten","Nieve","Duradel"]},"Chaos druid":{"name":"Chaos druid","levelRequired":1,"locations":["Edgeville Dungeon","Chaos Temple"],"itemsRequired":[],"attributes":["None"],"attackStyles":["Melee"],"variants":["Elder Chaos druid"],"masters":["Krystilia"]},"Cockatrice":{"name":"Cockatrice","levelRequired":25,"locations":["Fremennik Slayer Dungeon"],"itemsRequired":["Mirror shield","V\u0027s shield"],"attributes":["None"],"attackStyles":["Melee"],"variants":[],"masters":["Mazchna","Vannaka"]},"Cow":{"name":"Cow","levelRequired":1,"locations":["South of Falador","North of Al-Kharid gate","Various locations"],"itemsRequired":[],"attributes":["None"],"attackStyles":["Melee"],"variants":["Cow calf","Undead cow"],"masters":["Turael"]},"Crawling Hand":{"name":"Crawling Hand","levelRequired":5,"locations":["Slayer Tower"],"itemsRequired":[],"attributes":["None"],"attackStyles":["Crush"],"variants":[],"masters":["Turael","Mazchna","Vannaka"]},"Crocodile":{"name":"Crocodile","levelRequired":1,"locations":["Near Elid","Southern shore of Kharidian Desert"],"itemsRequired":[],"attributes":["None"],"attackStyles":["Melee"],"variants":[],"masters":["Vannaka"]},"Dagannoth":{"name":"Dagannoth","levelRequired":1,"locations":["Lighthouse","Waterbirth Island Dungeon","Catacombs of Kourend","Jormungand\u0027s Prison"],"itemsRequired":[],"attributes":["None"],"attackStyles":["Ranged or Melee"],"variants":["Dagannoth fledgeling","Dagannoth spawn","Dagannoth Prime","Dagannoth Rex","Dagannoth Supreme"],"masters":["Vannaka","Chaeldar","Konar quo Maten","Nieve","Duradel"]},"Dark beast":{"name":"Dark beast","levelRequired":90,"locations":["Path to Temple of Light (Mourner tunnels)","Iorwerth Dungeon"],"itemsRequired":[],"attributes":["None"],"attackStyles":["Melee","Ranged"],"variants":[],"masters":["Konar quo Maten","Nieve","Duradel"]},"Dark warrior":{"name":"Dark warrior","levelRequired":1,"locations":["Dark Warriors\u0027 Fortress"],"itemsRequired":[],"attributes":["None"],"attackStyles":["Melee"],"variants":[],"masters":["Krystilia"]},"Dog":{"name":"Dog","levelRequired":1,"locations":["Ardougne","McGrubor\u0027s Wood","Black Arm Gang hideout in Brimhaven","Brimhaven Dungeon"],"itemsRequired":[],"attributes":["None"],"attackStyles":["Melee"],"variants":["Guard dog","Wild dog","Jackal","Temple Guardian"],"masters":["Turael","Mazchna"]},"Drake":{"name":"Drake","levelRequired":84,"locations":["Karuulm Slayer Dungeon"],"itemsRequired":["Boots of stone","Boots of brimstone","Granite boots"],"attributes":["Draconic"],"attackStyles":["Melee"],"variants":[],"masters":["Konar quo Maten","Nieve","Duradel"]},"Dust devil":{"name":"Dust devil","levelRequired":65,"locations":["Smoke Dungeon","Catacombs of Kourend"],"itemsRequired":["Facemask","Slayer helmet"],"attributes":["None"],"attackStyles":["Melee"],"variants":[],"masters":["Vannaka","Chaeldar","Konar quo Maten","Nieve","Duradel"]},"Dwarf":{"name":"Dwarf","levelRequired":1,"locations":["Ice Mountain","Mining Guild","Keldagrim","Dwarven Mine","beneath White Wolf Mountain","south of Yanille"],"itemsRequired":[],"attributes":["None"],"attackStyles":["Melee"],"variants":["Black Guard","Chaos dwarf"],"masters":["Turael"]},"Earth Warrior":{"name":"Earth Warrior","levelRequired":1,"locations":["Edgeville Dungeon"],"itemsRequired":[],"attributes":["None"],"attackStyles":["Melee"],"variants":[],"masters":["Krystilia","Mazchna","Vannaka"]},"Elf":{"name":"Elf","levelRequired":1,"locations":["Lletya","Iorwerth Camp","Prifddinas"],"itemsRequired":[],"attributes":["None"],"attackStyles":["Melee or ranged"],"variants":["Mourner (Lvl 108 variant only)"],"masters":["Vannaka","Chaeldar","Nieve","Duradel"]},"Ent":{"name":"Ent","levelRequired":1,"locations":["Forests north and east of the Chaos Temple"],"itemsRequired":[],"attributes":["None"],"attackStyles":["Melee"],"variants":[],"masters":["Krystilia"]},"Fever spider":{"name":"Fever spider","levelRequired":42,"locations":["Braindeath Island (brewery basement)"],"itemsRequired":["Slayer gloves"],"attributes":["None"],"attackStyles":["Melee"],"variants":[],"masters":["Vannaka","Chaeldar"]},"Fire giant":{"name":"Fire giant","levelRequired":1,"locations":["Brimhaven Dungeon","Deep Wilderness Dungeon","Smoke Dungeon","Waterfall Dungeon","Stronghold Slayer Cave","Catacombs of Kourend"],"itemsRequired":[],"attributes":["Fiery"],"attackStyles":["Melee"],"variants":[],"masters":["Krystilia","Vannaka","Chaeldar","Konar quo Maten","Nieve","Duradel"]},"Flesh Crawler":{"name":"Flesh Crawler","levelRequired":1,"locations":["Stronghold of Security (level 2)"],"itemsRequired":[],"attributes":["None"],"attackStyles":["Melee"],"variants":[],"masters":["Mazchna"]},"Fossil Island Wyvern":{"name":"Fossil Island Wyvern","levelRequired":66,"locations":["Wyvern Cave"],"itemsRequired":["Elemental shield","Mind shield","Dragonfire shield","Ancient wyvern shield"],"attributes":["Draconic"],"attackStyles":["Melee","Ranged","Icy breath"],"variants":["Ancient wyvern","Spitting wyvern","Taloned wyvern","Long-tailed wyvern"],"masters":["Chaeldar","Konar quo Maten","Nieve","Duradel"]},"Gargoyle":{"name":"Gargoyle","levelRequired":75,"locations":["Slayer Tower"],"itemsRequired":["Rock hammer","Rock thrownhammer"],"attributes":["None"],"attackStyles":["Melee"],"variants":["Grotesque Guardians"],"masters":["Vannaka","Chaeldar","Konar quo Maten","Nieve","Duradel"]},"Ghost":{"name":"Ghost","levelRequired":1,"locations":["Varrock Sewers","Draynor Manor","Melzar\u0027s Maze","Stronghold of Security","Taverley Dungeon","West Ardougne (graveyard)","Scorpius Shrine","Lair of Tarn Razorlor","Death altar","Haunted Mine","near Clan Wars","Forgotten Cemetery","Catacombs of Kourend"],"itemsRequired":[],"attributes":["Undead"],"attackStyles":["Melee"],"variants":["Tortured soul"],"masters":["Turael","Mazchna"]},"Ghoul":{"name":"Ghoul","levelRequired":1,"locations":["West of Canifis"],"itemsRequired":[],"attributes":["None"],"attackStyles":["Melee"],"variants":["Ghoul Champion"],"masters":["Mazchna","Vannaka"]},"Goblin":{"name":"Goblin","levelRequired":1,"locations":["Lumbridge Caves","Goblin Village","Port Sarim","around the Digsite","Stronghold of Security","Underground Pass","Goblin Cave","Coal Trucks","holes in Myreque Hideout in Mort Myre","God Wars Dungeon (Bandos God Wars minions)","cave near Observatory","Dwarven coal mine","east of Barbarian Village"],"itemsRequired":[],"attributes":["None"],"attackStyles":["Melee"],"variants":["Goblin Champion","Sergeant Strongstack","Sergeant Grimspike","Sergeant Steelwill"],"masters":["Turael"]},"Greater demon":{"name":"Greater demon","levelRequired":1,"locations":["Entrana Dungeon","Brimhaven Dungeon","Ogre Enclave","Demonic Ruins","Wilderness Volcano","Lava Maze Dungeon","Catacombs of Kourend"],"itemsRequired":[],"attributes":["Demon"],"attackStyles":["Melee"],"variants":["K\u0027ril Tsutsaroth","Tstanon Karlak","Skotizo"],"masters":["Krystilia","Chaeldar","Konar quo Maten","Nieve","Duradel"]},"Green dragon":{"name":"Green dragon","levelRequired":1,"locations":["West of the Dark Warriors\u0027 Fortress","north of the Graveyard of Shadows","South of the Lava Maze","South of Venenatis","Corsair Cove Dungeon (Requires completion of Dragon Slayer II)"],"itemsRequired":["Anti-dragon shield","Dragonfire shield","Antifire potion(4)"],"attributes":["Draconic","Fiery"],"attackStyles":["Melee","Dragonfire"],"variants":["Baby green dragon","Brutal green dragon","Elvarg"],"masters":["Krystilia","Vannaka"]},"Harpie bug swarm":{"name":"Harpie bug swarm","levelRequired":33,"locations":["Karamja"],"itemsRequired":["Lit bug lantern"],"attributes":["None"],"attackStyles":["Melee"],"variants":[],"masters":["Vannaka","Chaeldar"]},"Hellhound":{"name":"Hellhound","levelRequired":1,"locations":["Taverley Dungeon","East of the Deserted Keep","Karuulm Slayer Dungeon","Witchaven Shrine Dungeon","God Wars Dungeon","Wilderness Volcano","Stronghold Slayer Cave","Catacombs of Kourend"],"itemsRequired":[],"attributes":["None"],"attackStyles":["Melee"],"variants":["Cerberus"],"masters":["Krystilia","Vannaka","Chaeldar","Konar quo Maten","Nieve","Duradel"]},"Hill Giant":{"name":"Hill Giant","levelRequired":1,"locations":["Deep Wilderness Dungeon","Edgeville Dungeon","Gnome Stronghold","Lava Maze","north of Observatory","Taverley Dungeon","Tree Gnome Village","Wilderness","Catacombs of Kourend"],"itemsRequired":[],"attributes":["None"],"attackStyles":["Melee"],"variants":["Giant Champion","Cyclops"],"masters":["Krystilia","Mazchna","Vannaka"]},"Hobgoblin":{"name":"Hobgoblin","levelRequired":1,"locations":["Asgarnian Ice Dungeon","Crandor","Hobgoblin Peninsula near Crafting Guild","Edgeville Dungeon","God Wars Dungeon","near Karamja Hunter area","north of Outpost","north of Rellekka","Tree Gnome Village dungeon","Waterbirth Island","Wilderness Hobgoblin Mine","Witchaven Dungeon"],"itemsRequired":[],"attributes":["None"],"attackStyles":["Melee"],"variants":["Hobgoblin Champion"],"masters":["Mazchna","Vannaka"]},"Hydra":{"name":"Hydra","levelRequired":95,"locations":["Karuulm Slayer Dungeon"],"itemsRequired":[],"attributes":["Draconic"],"attackStyles":["Magic","Ranged","Poison"],"variants":["Alchemical Hydra"],"masters":["Konar quo Maten"]},"Icefiend":{"name":"Icefiend","levelRequired":1,"locations":["Ice Mountain","God Wars Dungeon","Wilderness God Wars Dungeon"],"itemsRequired":[],"attributes":["None"],"attackStyles":["Melee","Magic","Ranged"],"variants":[],"masters":["Turael"]},"Ice giant":{"name":"Ice giant","levelRequired":1,"locations":["Asgarnian Ice Caves","Frozen Waste Plateau","White Wolf Mountain"],"itemsRequired":[],"attributes":["None"],"attackStyles":["Melee"],"variants":[],"masters":["Krystilia","Vannaka"]},"Ice warrior":{"name":"Ice warrior","levelRequired":1,"locations":["White Wolf Mountain","Frozen Waste Plateau","Asgarnian Ice Caves"],"itemsRequired":[],"attributes":["None"],"attackStyles":["Melee"],"variants":["Icelord"],"masters":["Krystilia","Mazchna","Vannaka"]},"Infernal Mage":{"name":"Infernal Mage","levelRequired":45,"locations":["Slayer tower"],"itemsRequired":[],"attributes":["None"],"attackStyles":["Magic"],"variants":[],"masters":["Vannaka","Chaeldar"]},"Iron dragon":{"name":"Iron dragon","levelRequired":1,"locations":["Brimhaven Dungeon","Catacombs of Kourend"],"itemsRequired":["Anti-dragon shield","Dragonfire shield","Antifire potion(4)"],"attributes":["Draconic","Fiery"],"attackStyles":["Melee","Dragonfire"],"variants":[],"masters":["Chaeldar","Konar quo Maten","Nieve","Duradel"]},"Jelly":{"name":"Jelly","levelRequired":52,"locations":["Fremennik Slayer Dungeon"],"itemsRequired":[],"attributes":["None"],"attackStyles":["Magical melee"],"variants":["Warped Jelly"],"masters":["Vannaka","Chaeldar","Konar quo Maten"]},"Jungle horror":{"name":"Jungle horror","levelRequired":1,"locations":["Mos Le\u0027Harmless"],"itemsRequired":[],"attributes":["None"],"attackStyles":["Melee"],"variants":[],"masters":["Vannaka","Chaeldar"]},"Kalphite":{"name":"Kalphite","levelRequired":1,"locations":["Kalphite Lair","Kalphite Cave"],"itemsRequired":[],"attributes":["Kalphite"],"attackStyles":["Melee"],"variants":["Kalphite Queen","Kalphite Worker","Kalphite Soldier","Kalphite Guardian"],"masters":["Turael","Mazchna","Vannaka","Chaeldar","Konar quo Maten","Nieve","Duradel"]},"Killerwatt":{"name":"Killerwatt","levelRequired":37,"locations":["Killerwatt plane"],"itemsRequired":["Insulated boots"],"attributes":["None"],"attackStyles":["Magical melee","ranged"],"variants":[],"masters":["Mazchna","Vannaka"]},"Kurask":{"name":"Kurask","levelRequired":70,"locations":["Fremennik Slayer Dungeon","Iorwerth Dungeon"],"itemsRequired":["Leaf-bladed spear","Magic Dart","Broad arrows","Broad bolts"],"attributes":["Leafy"],"attackStyles":["Melee"],"variants":[],"masters":["Vannaka","Chaeldar","Konar quo Maten","Duradel"]},"Lava dragon":{"name":"Lava dragon","levelRequired":1,"locations":["Lava Dragon Isle"],"itemsRequired":["Anti-dragon shield","Dragonfire shield","Antifire potion(4)"],"attributes":["Draconic","Fiery"],"attackStyles":["Melee","Dragonfire"],"variants":[],"masters":["Krystilia"]},"Lesser demon":{"name":"Lesser demon","levelRequired":1,"locations":["Wizards\u0027 Tower","Karamja Dungeon","Crandor","Melzar\u0027s Maze","Demonic Ruins","Lava Maze","Catacombs of Kourend"],"itemsRequired":[],"attributes":["Demon"],"attackStyles":["Melee"],"variants":["Zakl\u0027n Gritch"],"masters":["Krystilia","Vannaka","Chaeldar"]},"Lizardman":{"name":"Lizardman","levelRequired":1,"locations":["Lizardmen Settlement","Lizardman canyon"],"itemsRequired":[],"attributes":["None"],"attackStyles":["Melee","Ranged"],"variants":["Lizardman brute","Lizardman shaman"],"masters":["Chaeldar","Konar quo Maten","Nieve","Duradel"]},"Lizard":{"name":"Lizard","levelRequired":22,"locations":["Kharidian Desert"],"itemsRequired":["Ice cooler"],"attributes":["None"],"attackStyles":["Melee"],"variants":["Desert Lizard","Lizard","Small Lizard","Sulphur Lizard"],"masters":["Turael","Mazchna","Chaeldar","Vannaka"]},"Magic axe":{"name":"Magic axe","levelRequired":1,"locations":["Magic Axe Hut"],"itemsRequired":["Lockpick"],"attributes":["None"],"attackStyles":["Melee"],"variants":[],"masters":["Krystilia"]},"Mammoth":{"name":"Mammoth","levelRequired":1,"locations":["West of the Chaos Temple"],"itemsRequired":[],"attributes":["None"],"attackStyles":["Melee"],"variants":[],"masters":["Krystilia"]},"Mithril dragon":{"name":"Mithril dragon","levelRequired":1,"locations":["Ancient Cavern"],"itemsRequired":["Anti-dragon shield","Dragonfire shield","Antifire potion(4)"],"attributes":["Draconic","Fiery"],"attackStyles":["Melee","Magic","Ranged","Dragonfire"],"variants":[],"masters":["Konar quo Maten","Nieve","Duradel"]},"Minotaur":{"name":"Minotaur","levelRequired":1,"locations":["Stronghold of Security"],"itemsRequired":[],"attributes":["None"],"attackStyles":["Melee"],"variants":[],"masters":["Turael"]},"Mogre":{"name":"Mogre","levelRequired":32,"locations":["Mudskipper Point"],"itemsRequired":["Fishing explosive"],"attributes":["None"],"attackStyles":["Melee"],"variants":[],"masters":["Mazchna","Vannaka"]},"Molanisk":{"name":"Molanisk","levelRequired":39,"locations":["Dorgesh-Kaan South Dungeon"],"itemsRequired":["Slayer bell"],"attributes":["None"],"attackStyles":["Melee"],"variants":[],"masters":["Vannaka"]},"Monkey":{"name":"Monkey","levelRequired":1,"locations":["Karamja","Mos Le\u0027Harmless","Ardougne Zoo"],"itemsRequired":[],"attributes":["None"],"attackStyles":["Melee"],"variants":["Monkey Guard","Monkey Archer","Zombie monkey and more (like Padulah)"],"masters":["Turael"]},"Moss giant":{"name":"Moss giant","levelRequired":1,"locations":["Brimhaven Dungeon","Crandor","west of Fishing Guild","Moss Giant Island","Wilderness","Varrock Sewers","Pirates\u0027 Cove","Glarial\u0027s Tomb","Catacombs of Kourend"],"itemsRequired":[],"attributes":["None"],"attackStyles":["Melee"],"variants":[],"masters":["Krystilia","Vannaka"]},"Nechryael":{"name":"Nechryael","levelRequired":80,"locations":["Slayer Tower","Catacombs of Kourend"],"itemsRequired":[],"attributes":["Demon"],"attackStyles":["Melee"],"variants":[],"masters":["Vannaka","Konar quo Maten","Nieve","Duradel"]},"Ogre":{"name":"Ogre","levelRequired":1,"locations":["Gu\u0027Tanoth","west of Yanille","south of Castle Wars","south of Gu\u0027Tanoth","Toban \u0027s Island","Chaos Druid Tower dungeon","Clock Tower Dungeon","Witchaven Dungeon","Underground Pass","Combat Training Camp","God Wars Dungeon"],"itemsRequired":[],"attributes":["None"],"attackStyles":["Melee"],"variants":["Ogre chieftain","Enclave guard","Ogress Shaman","Ogress Warrior"],"masters":["Vannaka"]},"Otherworldly being":{"name":"Otherworldly being","levelRequired":1,"locations":["Zanaris"],"itemsRequired":[],"attributes":["None"],"attackStyles":["Melee"],"variants":[],"masters":["Vannaka"]},"Pirate":{"name":"Pirate","levelRequired":1,"locations":["Pirates\u0027 Hideout"],"itemsRequired":[],"attributes":["None"],"attackStyles":["Melee"],"variants":[],"masters":["Krystilia"]},"Pyrefiend":{"name":"Pyrefiend","levelRequired":30,"locations":["Fremennik Slayer Dungeon","Smoke Dungeon","God Wars Dungeon","Wilderness God Wars Dungeon","Iorwerth Dungeon,"],"itemsRequired":[],"attributes":["Fiery"],"attackStyles":["Magical melee"],"variants":["Pyrelord"],"masters":["Mazchna","Vannaka"]},"Rat":{"name":"Rat","levelRequired":1,"locations":["Throughout Gielinor"],"itemsRequired":[],"attributes":["None"],"attackStyles":["Melee"],"variants":["Giant rat","Dungeon rat","Crypt rat","Brine rat","Hell-Rat Behemoth"],"masters":["Turael"]},"Red dragon":{"name":"Red dragon","levelRequired":1,"locations":["Brimhaven Dungeon","Catacombs of Kourend (brutal variant)"],"itemsRequired":["Anti-dragon shield","Dragonfire shield","Antifire potion(4)"],"attributes":["Draconic","Fiery"],"attackStyles":["Melee","Dragonfire"],"variants":["Baby red dragons","Brutal red dragons"],"masters":["Konar quo Maten","Nieve","Duradel"]},"Revenant":{"name":"Revenant","levelRequired":1,"locations":["Revenant Caves"],"itemsRequired":[],"attributes":["Undead"],"attackStyles":["Melee","Ranged","Magic"],"variants":[],"masters":["Krystilia"]},"Rockslug":{"name":"Rockslug","levelRequired":20,"locations":["Fremennik Slayer Dungeon","Lumbridge Swamp Caves","Dorgesh-Kaan South Dungeon"],"itemsRequired":["Bag of salt"],"attributes":["None"],"attackStyles":["Melee"],"variants":[],"masters":["Mazchna","Vannaka"]},"Rogue":{"name":"Rogue","levelRequired":1,"locations":["Rogues\u0027 Castle","southwest of Mage Arena"],"itemsRequired":[],"attributes":["None"],"attackStyles":["Melee"],"variants":[],"masters":["Krystilia"]},"Rune Dragon":{"name":"Rune Dragon","levelRequired":1,"locations":["Lithkren"],"itemsRequired":["Anti-dragon shield","Dragonfire shield","Super antifire potion(4)"],"attributes":["Draconic","Fiery"],"attackStyles":["Slash","Ranged","Magic","Dragonfire"],"variants":[],"masters":["Konar quo Maten","Nieve","Duradel"]},"Scabarite":{"name":"Scabarite","levelRequired":1,"locations":["Dungeon under Sophanem","dungeon east of the Agility Pyramid"],"itemsRequired":[],"attributes":["Kalphite"],"attackStyles":["Melee","Magic","Ranged"],"variants":["Locust riders","Scarab mages","Scarab swarms"],"masters":["Nieve"]},"Scorpion":{"name":"Scorpion","levelRequired":1,"locations":["Al-Kharid Mine","Dwarven mines","Ardougne Zoo Scorpion Pit","Stronghold of Security","Varrock Sewers","Wilderness","above Karamja Volcano"],"itemsRequired":[],"attributes":["None"],"attackStyles":["Melee"],"variants":["King Scorpion","Poison Scorpion","Pit Scorpion","Scorpia","Lobstrosity"],"masters":["Krystilia","Turael","Mazchna"]},"Sea snake":{"name":"Sea snake","levelRequired":1,"locations":["Miscellania \u0026 Etceteria Dungeon"],"itemsRequired":[],"attributes":["None"],"attackStyles":["Melee (and Ranged for Giant Sea Snake)"],"variants":["Sea Snake Hatchling","Sea Snake Young","Giant Sea Snake"],"masters":["Vannaka"]},"Shade":{"name":"Shade","levelRequired":1,"locations":["Mort\u0027ton","Shade Catacombs","Temple Trekking","Catacombs of Kourend"],"itemsRequired":[],"attributes":["Shade","Undead"],"attackStyles":["Melee"],"variants":["Loar","Phryn","Riyl","Asyn and Fiyr shades"],"masters":["Mazchna","Vannaka"]},"Shadow warrior":{"name":"Shadow warrior","levelRequired":1,"locations":["Legends\u0027 Guild basement"],"itemsRequired":[],"attributes":["None"],"attackStyles":["Melee"],"variants":[],"masters":["Vannaka","Chaeldar"]},"Skeletal Wyvern":{"name":"Skeletal Wyvern","levelRequired":72,"locations":["Asgarnian Ice Dungeon"],"itemsRequired":["Elemental shield","Mind shield","Dragonfire shield"],"attributes":["Draconic"],"attackStyles":["Melee","Ranged","Icy breath"],"variants":[],"masters":["Konar quo Maten","Nieve","Duradel"]},"Skeleton":{"name":"Skeleton","levelRequired":1,"locations":["Edgeville Dungeon","Draynor Sewers","Karamja Volcano","Ogre Enclave","Stronghold of Security","Taverley Dungeon","Temple of Ikov","Varrock Sewers","Waterfall Dungeon","Wilderness Agility Course","Barrows","Melzar\u0027s Maze","Wilderness Volcano","Ape Atoll Dungeon","Underground Pass"],"itemsRequired":[],"attributes":["Undead"],"attackStyles":["Melee"],"variants":["Skeleton Champion","Vet\u0027ion"],"masters":["Krystilia","Turael","Mazchna"]},"Smoke devil":{"name":"Smoke devil","levelRequired":93,"locations":["Smoke Devil Dungeon"],"itemsRequired":["Facemask","Slayer helmet"],"attributes":["None"],"attackStyles":["Magical ranged"],"variants":["Thermonuclear smoke devil","Nuclear smoke devil"],"masters":["Konar quo Maten","Nieve","Duradel"]},"Sourhog":{"name":"Sourhog","levelRequired":1,"locations":["Sourhog Cave"],"itemsRequired":["Reinforced goggles","Slayer helmet"],"attributes":["None"],"attackStyles":["Melee","Ranged"],"variants":[],"masters":["Turael"]},"Spider":{"name":"Spider","levelRequired":1,"locations":["Melzar\u0027s Maze","Sorceress \u0027s house","Lumbridge Castle basement","behind Lumbridge Castle","Stronghold of Security","Ape Atoll temple","Ogre Enclave","Wilderness","Karamja","Underground Pass"],"itemsRequired":[],"attributes":["None"],"attackStyles":["Melee"],"variants":["Giant spider","Shadow spider","Jungle spider","Deadly red spider","Poison spider","Blessed spider","Kalrag","Crypt spider","Temple Spider","Sarachnis","Venenatis"],"masters":["Krystilia","Turael"]},"Spiritual creature":{"name":"Spiritual creature","levelRequired":1,"locations":["God Wars Dungeon","Wilderness God Wars Dungeon"],"itemsRequired":[],"attributes":["None"],"attackStyles":["Varies with target"],"variants":[],"masters":["Krystilia","Vannaka","Chaeldar","Nieve","Duradel"]},"Steel dragon":{"name":"Steel dragon","levelRequired":1,"locations":["Brimhaven Dungeon","Catacombs of Kourend"],"itemsRequired":["Anti-dragon shield","Dragonfire shield","Antifire potion(4)"],"attributes":["Draconic","Fiery"],"attackStyles":["Melee","Dragonfire"],"variants":[],"masters":["Chaeldar","Konar quo Maten","Nieve","Duradel"]},"Suqah":{"name":"Suqah","levelRequired":1,"locations":["Lunar Isle"],"itemsRequired":["None (Seal of passage recommended to communicate with Moon Clan people)"],"attributes":["None"],"attackStyles":["Melee","Magic"],"variants":[],"masters":["Nieve","Duradel"]},"Terror dog":{"name":"Terror dog","levelRequired":40,"locations":["Tarn\u0027s Lair"],"itemsRequired":[],"attributes":["None"],"attackStyles":["Melee"],"variants":[],"masters":["Vannaka"]},"Troll":{"name":"Troll","levelRequired":1,"locations":["Trollheim","Tunnel outside of Keldagrim","Death Plateau (Mountain troll)","Icy islands north of Neitiznot and Jatizso","Ice Path north of Trollheim (Ice trolls)"],"itemsRequired":[],"attributes":["None"],"attackStyles":["Melee","Ranged"],"variants":["Mountain troll","Ice troll grunt","Runt","Male and Female","Ice troll","River troll"],"masters":["Vannaka","Chaeldar","Konar quo Maten","Nieve","Duradel"]},"Turoth":{"name":"Turoth","levelRequired":55,"locations":["Fremennik Slayer Dungeon"],"itemsRequired":["Leaf-bladed spear","Magic Dart","Broad arrows","Broad bolts"],"attributes":["Leafy"],"attackStyles":["Melee"],"variants":[],"masters":["Vannaka","Chaeldar","Konar quo Maten","Nieve"]},"Vampyre":{"name":"Vampyre","levelRequired":1,"locations":["God Wars Dungeon","Wilderness God Wars Dungeon","Haunted Woods","near Abandoned Mine"],"itemsRequired":[],"attributes":["Vampyre"],"attackStyles":["Melee"],"variants":[],"masters":["Mazchna","Vannaka"]},"Wall beast":{"name":"Wall beast","levelRequired":35,"locations":["Lumbridge Swamp Caves"],"itemsRequired":["Spiny helmet","Slayer helmet"],"attributes":["None"],"attackStyles":["Melee"],"variants":[],"masters":["Mazchna","Vannaka","Chaeldar"]},"Waterfiend":{"name":"Waterfiend","levelRequired":1,"locations":["Ancient Cavern","Kraken Cove"],"itemsRequired":[],"attributes":["None"],"attackStyles":["Magic","Magical ranged"],"variants":[],"masters":["Konar quo Maten","Duradel"]},"Werewolf":{"name":"Werewolf","levelRequired":1,"locations":["Canifis","God Wars Dungeon","Wilderness God Wars Dungeon"],"itemsRequired":[],"attributes":["None"],"attackStyles":["Melee"],"variants":[],"masters":["Vannaka"]},"Wolf":{"name":"Wolf","levelRequired":1,"locations":["Stronghold of Security","White Wolf Mountain","Feldip Hills"],"itemsRequired":[],"attributes":["None"],"attackStyles":["Melee"],"variants":["Big Wolf","Dire wolf","Jungle wolf","Desert Wolf","Ice Wolf"],"masters":["Turael","Mazchna"]},"Wyrm":{"name":"Wyrm","levelRequired":62,"locations":["Karuulm Slayer Dungeon"],"itemsRequired":[],"attributes":["Draconic"],"attackStyles":["Melee","Magical ranged"],"variants":[],"masters":["Chaeldar","Konar quo Maten","Nieve","Duradel"]},"Zombie":{"name":"Zombie","levelRequired":1,"locations":["Tree Gnome Village dungeon","Entrana Dungeon","Edgeville Dungeon","Graveyard of Shadows","Stronghold of Security","Varrock Sewers","Wizards\u0027 Guild basement","Draynor Sewers","Lair of Tarn Razorlor"],"itemsRequired":[],"attributes":["Undead"],"attackStyles":["Melee"],"variants":["Any zombie-class except Zogres and Zombie monkeys"],"masters":["Krystilia","Turael","Mazchna"]},"Zygomite":{"name":"Zygomite","levelRequired":57,"locations":["Fossil Island","Zanaris"],"itemsRequired":["Fungicide spray","Fungicide"],"attributes":["None"],"attackStyles":["Magical melee","Magical ranged"],"variants":["Ancient Zygomite"],"masters":["Chaeldar","Konar quo Maten","Nieve","Duradel"]}}